timestep|name|longitude|latitude|accumulated_precipitation_1_minute_total|accumulated_precipitation_1_minute_total_qc|air_pressure_near_surface_1_minute_mean|air_pressure_near_surface_1_minute_mean_qc|air_pressure_near_surface_mean_sea_level_1_minute_mean|air_pressure_near_surface_mean_sea_level_1_minute_mean_qc|air_temperature_near_surface_1_minute_mean|air_temperature_near_surface_1_minute_mean_qc|air_temperature_near_surface_secondary_1_minute_mean|air_temperature_near_surface_secondary_1_minute_mean_qc|air_temperature_near_surface_sensor2_1_minute_mean|air_temperature_near_surface_sensor2_1_minute_mean_qc|cloud_base_height_layer1_1_minute_30_minute_rolling_min|cloud_base_height_layer1_1_minute_30_minute_rolling_min_qc|cloud_base_height_layer2_1_minute_30_minute_rolling_min|cloud_base_height_layer2_1_minute_30_minute_rolling_min_qc|cloud_base_height_layer3_1_minute_30_minute_rolling_min|cloud_base_height_layer3_1_minute_30_minute_rolling_min_qc|cloud_cover_layer1_1_minute_30_minute_weighted_mean|cloud_cover_layer1_1_minute_30_minute_weighted_mean_qc|cloud_cover_layer2_1_minute_30_minute_weighted_mean|cloud_cover_layer2_1_minute_30_minute_weighted_mean_qc|cloud_cover_layer3_1_minute_30_minute_weighted_mean|cloud_cover_layer3_1_minute_30_minute_weighted_mean_qc|cloud_cover_total_1_minute_30_minute_weighted_mean|cloud_cover_total_1_minute_30_minute_weighted_mean_qc|dew_point_temperature_1_minute_mean|dew_point_temperature_1_minute_mean_qc|direct_solar_irradiance_1_minute_60_minute_total|direct_solar_irradiance_1_minute_60_minute_total_qc|direct_solar_irradiance_1_minute_binary|direct_solar_irradiance_1_minute_binary_qc|direct_solar_irradiance_1_minute_mean|direct_solar_irradiance_1_minute_mean_qc|direct_solar_irradiance_secondary_1_minute_mean|direct_solar_irradiance_secondary_1_minute_mean_qc|global_radiation_1_minute_mean|global_radiation_1_minute_mean_qc|land_surface_temperature_concrete_1_minute_mean|land_surface_temperature_concrete_1_minute_mean_qc|land_surface_temperature_grass_1_minute_mean|land_surface_temperature_grass_1_minute_mean_qc|meteorological_optical_range_horizontal_1_minute_mean|meteorological_optical_range_horizontal_1_minute_mean_qc|precipitation_intensity_1_minute_rolling_algorithm|precipitation_intensity_1_minute_rolling_algorithm_qc|present_weather_1_minute_10_minute_weighted_mean|present_weather_1_minute_10_minute_weighted_mean_qc|relative_humidity_near_surface_1_minute_mean|relative_humidity_near_surface_1_minute_mean_qc|snow_depth_1_minute_mean|snow_depth_1_minute_mean_qc|soil_temperature_100cm_1_minute_mean|soil_temperature_100cm_1_minute_mean_qc|soil_temperature_10cm_1_minute_mean|soil_temperature_10cm_1_minute_mean_qc|soil_temperature_30cm_1_minute_mean|soil_temperature_30cm_1_minute_mean_qc|wind_direction_near_surface_1_minute_mean|wind_direction_near_surface_1_minute_mean_qc|wind_speed_near_surface_1_minute_mean|wind_speed_near_surface_1_minute_mean_qc
2026-07-01T17:00:00Z|Aberporth Automatic Weather Station|-4.57|52.14|0.0|{"good": []}|1008.35|{"good": []}|||17.14791128|{"good": []}|||||1900.0|{"good": []}|3100.0|{"good": []}|3900.0|{"good": []}|2.0|{"good": []}|1.0|{"good": []}|8.0|{"good": []}|8.0|{"good": []}|||409.2458324|{"good": []}|||266.8161744|{"good": []}|||0.0|{"good": []}|24.54274225|{"good": []}|20.85485495|{"good": []}|53362.0|{"good": []}|0.0|{"good": []}|NSW|{"good": []}|74.1225|{"good": []}|||15.61552033|{"good": []}|19.73305224|{"good": []}|15.89396871|{"good": []}|204.6371101|{"good": []}|16.93829167|{"good": []}
2026-07-01T17:01:00Z|Aberporth Automatic Weather Station|-4.57|52.14|0.0|{"good": []}|1008.335|{"good": []}|||16.94832443|{"good": []}|||||1900.0|{"good": []}|3100.0|{"good": []}|3900.0|{"good": []}|2.0|{"good": []}|1.0|{"good": []}|7.0|{"good": []}|8.0|{"good": []}|||410.0764929|{"good": []}|||273.6138098|{"good": []}|||0.0|{"good": []}|24.58802187|{"good": []}|20.82389106|{"good": []}|53397.5|{"good": []}|0.0|{"good": []}|NSW|{"good": []}|72.465|{"good": []}|||15.61532044|{"good": []}|19.73340496|{"good": []}|15.89482686|{"good": []}|214.7527365|{"good": []}|18.38216667|{"good": []}
2026-07-01T17:02:00Z|Aberporth Automatic Weather Station|-4.57|52.14|0.0|{"good": []}|1008.345|{"good": []}|||16.88003249|{"good": []}|||||1900.0|{"good": []}|3100.0|{"good": []}|3900.0|{"good": []}|1.0|{"good": []}|2.0|{"good": []}|7.0|{"good": []}|8.0|{"good": []}|||411.5625419|{"good": []}|||316.1958007|{"good": []}|||0.0|{"good": []}|24.44926731|{"good": []}|20.78668044|{"good": []}|61036.5|{"good": []}|0.0|{"good": []}|NSW|{"good": []}|72.735|{"good": []}|||15.61531794|{"good": []}|19.73471827|{"good": []}|15.89537979|{"good": []}|222.0902828|{"good": []}|16.002875|{"good": []}
2026-07-01T17:03:00Z|Aberporth Automatic Weather Station|-4.57|52.14|0.0|{"good": []}|1008.305|{"good": []}|||16.95199948|{"good": []}|||||2000.0|{"good": []}|3100.0|{"good": []}|3900.0|{"good": []}|1.0|{"good": []}|2.0|{"good": []}|7.0|{"good": []}|8.0|{"good": []}|||413.8345678|{"good": []}|||361.7539917|{"good": []}|||0.0|{"good": []}|24.67001638|{"good": []}|21.0892309|{"good": []}|55366.0|{"good": []}|0.0|{"good": []}|NSW|{"good": []}|73.215|{"good": []}|||15.61551783|{"good": []}|19.73552126|{"good": []}|15.89623795|{"good": []}|217.4940921|{"good": []}|14.93329167|{"good": []}
2026-07-01T17:04:00Z|Aberporth Automatic Weather Station|-4.57|52.14|0.0|{"good": []}|1008.265|{"good": []}|||17.25195937|{"good": []}|||||2000.0|{"good": []}|3100.0|{"good": []}|3900.0|{"good": []}|1.0|{"good": []}|2.0|{"good": []}|7.0|{"good": []}|8.0|{"good": []}|||416.4727244|{"good": []}|||381.9821906|{"good": []}|||0.0|{"good": []}|25.09182415|{"good": []}|21.53346546|{"good": []}|56384.0|{"good": []}|0.0|{"good": []}|NSW|{"good": []}|73.6475|{"good": []}|||15.61536792|{"good": []}|19.73567135|{"good": []}|15.89674084|{"good": []}|215.4957736|{"good": []}|13.90154167|{"good": []}
2026-07-01T17:05:00Z|Aberporth Automatic Weather Station|-4.57|52.14|0.0|{"good": []}|1008.235|{"good": []}|||17.18230584|{"good": []}|||||2000.0|{"good": []}|3100.0|{"good": []}|3900.0|{"good": []}|1.0|{"good": []}|2.0|{"good": []}|7.0|{"good": []}|8.0|{"good": []}|||419.7591498|{"good": []}|||420.3284717|{"good": []}|||1.0|{"good": []}|25.46080195|{"good": []}|22.12447191|{"good": []}|53737.0|{"good": []}|0.0|{"good": []}|NSW|{"good": []}|72.67|{"good": []}|||15.61536542|{"good": []}|19.73703469|{"good": []}|15.89770157|{"good": []}|219.0032797|{"good": []}|15.552375|{"good": []}
2026-07-01T17:06:00Z|Aberporth Automatic Weather Station|-4.57|52.14|0.0|{"good": []}|1008.15|{"good": []}|||17.18331516|{"good": []}|||||2000.0|{"good": []}|3100.0|{"good": []}|3900.0|{"good": []}|1.0|{"good": []}|2.0|{"good": []}|7.0|{"good": []}|8.0|{"good": []}|||421.3544526|{"good": []}|||325.4931297|{"good": []}|||0.0|{"good": []}|25.40479143|{"good": []}|22.06339834|{"good": []}|49404.0|{"good": []}|0.0|{"good": []}|NSW|{"good": []}|73.305|{"good": []}|||15.6152155|{"good": []}|19.73683457|{"good": []}|15.89860978|{"good": []}|219.931823|{"good": []}|14.92841667|{"good": []}
2026-07-01T17:07:00Z|Aberporth Automatic Weather Station|-4.57|52.14|0.0|{"good": []}|1008.15|{"good": []}|||17.15476171|{"good": []}|||||2000.0|{"good": []}|3100.0|{"good": []}|3900.0|{"good": []}|1.0|{"good": []}|2.0|{"good": []}|7.0|{"good": []}|8.0|{"good": []}|||421.6860882|{"good": []}|||273.0983571|{"good": []}|||0.0|{"good": []}|25.21501829|{"good": []}|21.72388952|{"good": []}|49247.0|{"good": []}|0.0|{"good": []}|NSW|{"good": []}|73.1825|{"good": []}|||15.61542039|{"good": []}|19.73829797|{"good": []}|15.89906262|{"good": []}|211.1696883|{"good": []}|14.026625|{"good": []}
2026-07-01T17:08:00Z|Aberporth Automatic Weather Station|-4.57|52.14|0.0|{"good": []}|1008.165|{"good": []}|||17.23594506|{"good": []}|||||2000.0|{"good": []}|3100.0|{"good": []}|3900.0|{"good": []}|1.0|{"good": []}|2.0|{"good": []}|7.0|{"good": []}|8.0|{"good": []}|||420.7011556|{"good": []}|||234.5118406|{"good": []}|||0.0|{"good": []}|24.95447872|{"good": []}|21.39858008|{"good": []}|52864.5|{"good": []}|0.0|{"good": []}|NSW|{"good": []}|73.615|{"good": []}|||15.61536542|{"good": []}|19.73814537|{"good": []}|15.89986824|{"good": []}|205.6519761|{"good": []}|13.56333333|{"good": []}
2026-07-01T17:09:00Z|Aberporth Automatic Weather Station|-4.57|52.14|0.0|{"good": []}|1008.15|{"good": []}|||17.24340008|{"good": []}|||||2000.0|{"good": []}|3100.0|{"good": []}||{"good": []}|2.0|{"good": []}|8.0|{"good": []}||{"good": []}|8.0|{"good": []}|||418.7025911|{"good": []}|||223.0854191|{"good": []}|||0.0|{"good": []}|24.82322954|{"good": []}|21.08041904|{"good": []}|48987.5|{"good": []}|0.0|{"good": []}|NSW|{"good": []}|73.7275|{"good": []}|||15.61511556|{"good": []}|19.73905344|{"good": []}|15.90062383|{"good": []}|205.7840111|{"good": []}|12.68158333|{"good": []}
2026-07-01T17:10:00Z|Aberporth Automatic Weather Station|-4.57|52.14|0.0|{"good": []}|1008.12|{"good": []}|||17.28263141|{"good": []}|||||2000.0|{"good": []}|3100.0|{"good": []}||{"good": []}|2.0|{"good": []}|8.0|{"good": []}||{"good": []}|8.0|{"good": []}|||415.5978062|{"good": []}|||221.243966|{"good": []}|||0.0|{"good": []}|24.60570098|{"good": []}|20.89387639|{"good": []}|49772.5|{"good": []}|0.0|{"good": []}|NSW|{"good": []}|73.7675|{"good": []}|||15.61511306|{"good": []}|19.7398089|{"good": []}|15.90138441|{"good": []}|208.104144|{"good": []}|16.47908333|{"good": []}
2026-07-01T17:11:00Z|Aberporth Automatic Weather Station|-4.57|52.14|0.0|{"good": []}|1008.09|{"good": []}|||17.07614166|{"good": []}|||||2000.0|{"good": []}|3100.0|{"good": []}||{"good": []}|2.0|{"good": []}|8.0|{"good": []}||{"good": []}|8.0|{"good": []}|||411.3306878|{"good": []}|||217.4017596|{"good": []}|||0.0|{"good": []}|24.25077453|{"good": []}|20.62757494|{"good": []}|54054.0|{"good": []}|0.0|{"good": []}|NSW|{"good": []}|72.66|{"good": []}|||15.61587263|{"good": []}|19.74056686|{"good": []}|15.90203741|{"good": []}|215.024214|{"good": []}|16.29516667|{"good": []}
2026-07-01T17:12:00Z|Aberporth Automatic Weather Station|-4.57|52.14|0.0|{"good": []}|1008.125|{"good": []}|||17.00604093|{"good": []}|||||2000.0|{"good": []}|3100.0|{"good": []}||{"good": []}|2.0|{"good": []}|8.0|{"good": []}||{"good": []}|8.0|{"good": []}|||406.9573264|{"good": []}|||205.5436398|{"good": []}|||0.0|{"good": []}|23.92989962|{"good": []}|20.38786141|{"good": []}|55827.0|{"good": []}|0.0|{"good": []}|NSW|{"good": []}|72.7275|{"good": []}|||15.61546786|{"good": []}|19.74157498|{"good": []}|15.90289557|{"good": []}|212.3269624|{"good": []}|14.82970833|{"good": []}
2026-07-01T17:13:00Z|Aberporth Automatic Weather Station|-4.57|52.14|0.0|{"good": []}|1008.095|{"good": []}|||16.97350763|{"good": []}|||||2000.0|{"good": []}|3100.0|{"good": []}||{"good": []}|2.0|{"good": []}|8.0|{"good": []}||{"good": []}|8.0|{"good": []}|||403.5961147|{"good": []}|||205.4884559|{"good": []}|||0.0|{"good": []}|23.72783405|{"good": []}|20.21651973|{"good": []}|49714.0|{"good": []}|0.0|{"good": []}|NSW|{"good": []}|72.47|{"good": []}|||15.61511555|{"good": []}|19.7419277|{"good": []}|15.90365115|{"good": []}|211.3733868|{"good": []}|19.26954167|{"good": []}
2026-07-01T17:14:00Z|Aberporth Automatic Weather Station|-4.57|52.14|0.0|{"good": []}|1008.08|{"good": []}|||16.81697705|{"good": []}|||||2000.0|{"good": []}|3100.0|{"good": []}||{"good": []}|2.0|{"good": []}|8.0|{"good": []}||{"good": []}|8.0|{"good": []}|||401.0219728|{"good": []}|||215.9517892|{"good": []}|||0.0|{"good": []}|23.4440238|{"good": []}|19.97423857|{"good": []}|54865.0|{"good": []}|0.0|{"good": []}|NSW|{"good": []}|71.855|{"good": []}|||15.61511556|{"good": []}|19.74258561|{"good": []}|15.90445677|{"good": []}|209.1327287|{"good": []}|17.48629167|{"good": []}
2026-07-01T17:15:00Z|Aberporth Automatic Weather Station|-4.57|52.14|0.0|{"good": []}|1008.07|{"good": []}|||16.78776654|{"good": []}|||||2000.0|{"good": []}|3100.0|{"good": []}||{"good": []}|2.0|{"good": []}|8.0|{"good": []}||{"good": []}|8.0|{"good": []}|||398.7096158|{"good": []}|||227.548879|{"good": []}|||0.0|{"good": []}|23.25283653|{"good": []}|19.86029885|{"good": []}|53461.5|{"good": []}|0.0|{"good": []}|NSW|{"good": []}|72.105|{"good": []}|||15.61551783|{"good": []}|19.74258311|{"good": []}|15.90536747|{"good": []}|209.1500678|{"good": []}|18.19870833|{"good": []}
2026-07-01T17:16:00Z|Aberporth Automatic Weather Station|-4.57|52.14|0.0|{"good": []}|1008.065|{"good": []}|||16.7122769|{"good": []}|||||2000.0|{"good": []}|3100.0|{"good": []}||{"good": []}|2.0|{"good": []}|8.0|{"good": []}||{"good": []}|8.0|{"good": []}|||396.4121918|{"good": []}|||233.9642685|{"good": []}|||0.0|{"good": []}|23.15029467|{"good": []}|19.84398642|{"good": []}|52902.0|{"good": []}|0.0|{"good": []}|NSW|{"good": []}|72.3975|{"good": []}|||15.61476326|{"good": []}|19.74409904|{"good": []}|15.90622563|{"good": []}|218.8111185|{"good": []}|18.12454167|{"good": []}
2026-07-01T17:17:00Z|Aberporth Automatic Weather Station|-4.57|52.14|0.0|{"good": []}|1008.095|{"good": []}|||16.74228937|{"good": []}|||||2000.0|{"good": []}|3100.0|{"good": []}||{"good": []}|2.0|{"good": []}|8.0|{"good": []}||{"good": []}|8.0|{"good": []}|||393.5712287|{"good": []}|||235.8700039|{"good": []}|||0.0|{"good": []}|23.19633132|{"good": []}|19.87590443|{"good": []}|54158.0|{"good": []}|0.0|{"good": []}|NSW|{"good": []}|73.0825|{"good": []}|||15.61511556|{"good": []}|19.74354119|{"good": []}|15.90687863|{"good": []}|217.1829785|{"good": []}|14.5465|{"good": []}
2026-07-01T17:18:00Z|Aberporth Automatic Weather Station|-4.57|52.14|0.0|{"good": []}|1008.06|{"good": []}|||16.69882837|{"good": []}|||||2000.0|{"good": []}|3100.0|{"good": []}||{"good": []}|3.0|{"good": []}|8.0|{"good": []}||{"good": []}|8.0|{"good": []}|||389.0825561|{"good": []}|||234.1215935|{"good": []}|||0.0|{"good": []}|23.3035553|{"good": []}|19.97922397|{"good": []}|52771.0|{"good": []}|0.0|{"good": []}|NSW|{"good": []}|73.03|{"good": []}|||15.61501562|{"good": []}|19.74449928|{"good": []}|15.90773929|{"good": []}|213.7208688|{"good": []}|16.28308333|{"good": []}
2026-07-01T17:19:00Z|Aberporth Automatic Weather Station|-4.57|52.14|0.0|{"good": []}|1008.035|{"good": []}|||16.78716194|{"good": []}|||||2000.0|{"good": []}|3100.0|{"good": []}||{"good": []}|3.0|{"good": []}|8.0|{"good": []}||{"good": []}|8.0|{"good": []}|||381.8029698|{"good": []}|||243.9648418|{"good": []}|||0.0|{"good": []}|23.27495041|{"good": []}|20.03012694|{"good": []}|52561.0|{"good": []}|0.0|{"good": []}|NSW|{"good": []}|73.6025|{"good": []}|||15.61501562|{"good": []}|19.74495456|{"good": []}|15.90849237|{"good": []}|213.4468195|{"good": []}|14.917375|{"good": []}
2026-07-01T17:20:00Z|Aberporth Automatic Weather Station|-4.57|52.14|0.0|{"good": []}|1008.0|{"good": []}|||16.79945374|{"good": []}|||||2000.0|{"good": []}|3100.0|{"good": []}||{"good": []}|3.0|{"good": []}|8.0|{"good": []}||{"good": []}|8.0|{"good": []}|||374.5868359|{"good": []}|||226.5920759|{"good": []}|||0.0|{"good": []}|23.29217731|{"good": []}|20.04895954|{"good": []}|52885.0|{"good": []}|0.0|{"good": []}|NSW|{"good": []}|73.8475|{"good": []}|||15.61511556|{"good": []}|19.74555493|{"good": []}|15.90930049|{"good": []}|208.338125|{"good": []}|16.5335|{"good": []}
2026-07-01T17:21:00Z|Aberporth Automatic Weather Station|-4.57|52.14|0.0|{"good": []}|1007.965|{"good": []}|||16.77442044|{"good": []}|||||2000.0|{"good": []}|3100.0|{"good": []}||{"good": []}|4.0|{"good": []}|8.0|{"good": []}||{"good": []}|8.0|{"good": []}|||364.6061423|{"good": []}|||221.6884955|{"good": []}|||0.0|{"good": []}|23.23465772|{"good": []}|19.95807351|{"good": []}|49698.0|{"good": []}|0.0|{"good": []}|NSW|{"good": []}|74.1525|{"good": []}|||15.61471329|{"good": []}|19.74566|{"good": []}|15.91020869|{"good": []}|204.1872816|{"good": []}|16.082|{"good": []}
2026-07-01T17:22:00Z|Aberporth Automatic Weather Station|-4.57|52.14|0.0|{"good": []}|1007.98|{"good": []}|||16.7636951|{"good": []}|||||2000.0|{"good": []}|3100.0|{"good": []}||{"good": []}|4.0|{"good": []}|7.0|{"good": []}||{"good": []}|8.0|{"good": []}|||358.5951534|{"good": []}|||202.8678232|{"good": []}|||0.0|{"good": []}|23.081547|{"good": []}|19.83104588|{"good": []}|48593.0|{"good": []}|0.0|{"good": []}|NSW|{"good": []}|74.4725|{"good": []}|||15.6148657|{"good": []}|19.74636293|{"good": []}|15.91111689|{"good": []}|212.0024882|{"good": []}|16.61508333|{"good": []}
2026-07-01T17:23:00Z|Aberporth Automatic Weather Station|-4.57|52.14|0.0|{"good": []}|1007.96|{"good": []}|||16.61290819|{"good": []}|||||2000.0|{"good": []}|3100.0|{"good": []}||{"good": []}|4.0|{"good": []}|7.0|{"good": []}||{"good": []}|8.0|{"good": []}|||352.7091802|{"good": []}|||173.7375405|{"good": []}|||0.0|{"good": []}|22.74687058|{"good": []}|19.52874518|{"good": []}|46656.5|{"good": []}|0.0|{"good": []}|NSW|{"good": []}|74.6|{"good": []}|||15.61471329|{"good": []}|19.74666562|{"good": []}|15.91187247|{"good": []}|210.2457139|{"good": []}|16.99479167|{"good": []}
2026-07-01T17:24:00Z|Aberporth Automatic Weather Station|-4.57|52.14|0.0|{"good": []}|1007.98|{"good": []}|||16.61683807|{"good": []}|||||2000.0|{"good": []}|3100.0|{"good": []}||{"good": []}|4.0|{"good": []}|7.0|{"good": []}||{"good": []}|8.0|{"good": []}|||346.5246853|{"good": []}|||155.2456505|{"good": []}|||0.0|{"good": []}|22.4376285|{"good": []}|19.25786296|{"good": []}|49189.0|{"good": []}|0.0|{"good": []}|NSW|{"good": []}|75.04|{"good": []}|||15.61461084|{"good": []}|19.74676818|{"good": []}|15.91247794|{"good": []}|210.0274367|{"good": []}|17.17133333|{"good": []}
2026-07-01T17:25:00Z|Aberporth Automatic Weather Station|-4.57|52.14|0.0|{"good": []}|1007.98|{"good": []}|||16.47793573|{"good": []}|||||2000.0|{"good": []}|3100.0|{"good": []}||{"good": []}|5.0|{"good": []}|8.0|{"good": []}||{"good": []}|8.0|{"good": []}|||339.4564538|{"good": []}|||142.5540233|{"good": []}|||0.0|{"good": []}|22.26024023|{"good": []}|18.98990053|{"good": []}|48157.0|{"good": []}|0.0|{"good": []}|NSW|{"good": []}|74.8375|{"good": []}|||15.61516553|{"good": []}|19.7476237|{"good": []}|15.91353625|{"good": []}|207.6191419|{"good": []}|16.2015|{"good": []}
2026-07-01T17:26:00Z|Aberporth Automatic Weather Station|-4.57|52.14|0.0|{"good": []}|1007.985|{"good": []}|||16.49943888|{"good": []}|||||1900.0|{"good": []}|3100.0|{"good": []}||{"good": []}|5.0|{"good": []}|8.0|{"good": []}||{"good": []}|8.0|{"good": []}|||331.6095021|{"good": []}|||133.2116133|{"good": []}|||0.0|{"good": []}|22.10038117|{"good": []}|18.76312506|{"good": []}|50265.0|{"good": []}|0.0|{"good": []}|NSW|{"good": []}|75.62|{"good": []}|||15.61466082|{"good": []}|19.74767624|{"good": []}|15.91419425|{"good": []}|213.4222777|{"good": []}|15.36225|{"good": []}
2026-07-01T17:27:00Z|Aberporth Automatic Weather Station|-4.57|52.14|0.0|{"good": []}|1008.01|{"good": []}|||16.3958455|{"good": []}|||||1800.0|{"good": []}|3100.0|{"good": []}||{"good": []}|5.0|{"good": []}|8.0|{"good": []}||{"good": []}|8.0|{"good": []}|||323.5895664|{"good": []}|||131.7303915|{"good": []}|||0.0|{"good": []}|21.91045562|{"good": []}|18.61288137|{"good": []}|47613.0|{"good": []}|0.0|{"good": []}|NSW|{"good": []}|75.2975|{"good": []}|||15.6145109|{"good": []}|19.74767373|{"good": []}|15.91499987|{"good": []}|213.5729861|{"good": []}|18.534|{"good": []}
2026-07-01T17:28:00Z|Aberporth Automatic Weather Station|-4.57|52.14|0.0|{"good": []}|1007.985|{"good": []}|||16.2937611|{"good": []}|||||1800.0|{"good": []}|3200.0|{"good": []}||{"good": []}|5.0|{"good": []}|8.0|{"good": []}||{"good": []}|8.0|{"good": []}|||315.6990844|{"good": []}|||124.4694763|{"good": []}|||0.0|{"good": []}|21.5460625|{"good": []}|18.41057829|{"good": []}|51772.5|{"good": []}|0.0|{"good": []}|NSW|{"good": []}|75.325|{"good": []}|||15.61441096|{"good": []}|19.74812902|{"good": []}|15.91575545|{"good": []}|208.0560667|{"good": []}|16.00320833|{"good": []}
2026-07-01T17:29:00Z|Aberporth Automatic Weather Station|-4.57|52.14|0.0|{"good": []}|1007.995|{"good": []}|||16.26037087|{"good": []}|||||1800.0|{"good": []}|3200.0|{"good": []}||{"good": []}|5.0|{"good": []}|7.0|{"good": []}||{"good": []}|8.0|{"good": []}|||308.5021386|{"good": []}|||112.6012329|{"good": []}|||0.0|{"good": []}|21.34233544|{"good": []}|18.24034307|{"good": []}|48303.0|{"good": []}|0.0|{"good": []}|NSW|{"good": []}|75.67|{"good": []}|||15.61481573|{"good": []}|19.74752364|{"good": []}|15.9164635|{"good": []}|207.5396545|{"good": []}|16.95575|{"good": []}
2026-07-01T17:30:00Z|Aberporth Automatic Weather Station|-4.57|52.14|0.0|{"good": []}|1007.98|{"good": []}|||16.26057074|{"good": []}|||||1800.0|{"good": []}|3200.0|{"good": []}||{"good": []}|6.0|{"good": []}|7.0|{"good": []}||{"good": []}|8.0|{"good": []}|||300.7568051|{"good": []}|||106.0589765|{"good": []}|||0.0|{"good": []}|21.22981723|{"good": []}|18.08124007|{"good": []}|47409.5|{"good": []}|0.0|{"good": []}|NSW|{"good": []}|76.1775|{"good": []}|||15.61420857|{"good": []}|19.74792889|{"good": []}|15.91726661|{"good": []}|212.8235791|{"good": []}|15.51054167|{"good": []}
2026-07-01T17:31:00Z|Aberporth Automatic Weather Station|-4.57|52.14|0.0|{"good": []}|1007.99|{"good": []}|||16.25377278|{"good": []}|||||1800.0|{"good": []}|3400.0|{"good": []}||{"good": []}|6.0|{"good": []}|7.0|{"good": []}||{"good": []}|8.0|{"good": []}|||292.113021|{"good": []}|||96.39514828|{"good": []}|||0.0|{"good": []}|21.15336431|{"good": []}|17.95959497|{"good": []}|45278.0|{"good": []}|0.0|{"good": []}|NSW|{"good": []}|76.565|{"good": []}|||15.61466082|{"good": []}|19.74752615|{"good": []}|15.91792712|{"good": []}|213.6640634|{"good": []}|15.525|{"good": []}
2026-07-01T17:32:00Z|Aberporth Automatic Weather Station|-4.57|52.14|0.0|{"good": []}|1007.995|{"good": []}|||16.23332641|{"good": []}|||||1800.0|{"good": []}|3400.0|{"good": []}||{"good": []}|6.0|{"good": []}|6.0|{"good": []}||{"good": []}|8.0|{"good": []}|||284.3359191|{"good": []}|||87.47053104|{"good": []}|||0.0|{"good": []}|21.04437142|{"good": []}|17.82073077|{"good": []}|45968.0|{"good": []}|0.0|{"good": []}|NSW|{"good": []}|76.635|{"good": []}|||15.61410613|{"good": []}|19.74797892|{"good": []}|15.91878528|{"good": []}|222.323185|{"good": []}|13.82829167|{"good": []}
2026-07-01T17:33:00Z|Aberporth Automatic Weather Station|-4.57|52.14|0.0|{"good": []}|1008.005|{"good": []}|||16.26293666|{"good": []}|||||1800.0|{"good": []}|3400.0|{"good": []}||{"good": []}|7.0|{"good": []}|6.0|{"good": []}||{"good": []}|8.0|{"good": []}|||277.3226948|{"good": []}|||73.42711506|{"good": []}|||0.0|{"good": []}|21.00020612|{"good": []}|17.66766719|{"good": []}|45090.0|{"good": []}|0.0|{"good": []}|NSW|{"good": []}|76.7|{"good": []}|||15.61466082|{"good": []}|19.74822908|{"good": []}|15.9195884|{"good": []}|217.2473644|{"good": []}|12.775375|{"good": []}
2026-07-01T17:34:00Z|Aberporth Automatic Weather Station|-4.57|52.14|0.0|{"good": []}|1008.01|{"good": []}|||16.27814901|{"good": []}|||||1800.0|{"good": []}|3400.0|{"good": []}||{"good": []}|7.0|{"good": []}|6.0|{"good": []}||{"good": []}|8.0|{"good": []}|||270.2581382|{"good": []}|||63.46502511|{"good": []}|||0.0|{"good": []}|20.91564069|{"good": []}|17.5869068|{"good": []}|47017.0|{"good": []}|0.0|{"good": []}|NSW|{"good": []}|76.955|{"good": []}|||15.61461084|{"good": []}|19.7469683|{"good": []}|15.92064922|{"good": []}|216.9925874|{"good": []}|12.9385|{"good": []}
2026-07-01T17:35:00Z|Aberporth Automatic Weather Station|-4.57|52.14|0.0|{"good": []}|1007.985|{"good": []}|||16.28207889|{"good": []}|||||1800.0|{"good": []}|3400.0|{"good": []}||{"good": []}|7.0|{"good": []}|6.0|{"good": []}||{"good": []}|8.0|{"good": []}|||262.7461056|{"good": []}|||56.45659292|{"good": []}|||0.0|{"good": []}|20.83873305|{"good": []}|17.49904797|{"good": []}|48691.5|{"good": []}|0.0|{"good": []}|NSW|{"good": []}|77.045|{"good": []}|||15.61400868|{"good": []}|19.74767624|{"good": []}|15.92115211|{"good": []}|205.925967|{"good": []}|11.60120417|{"good": []}
2026-07-01T17:36:00Z|Aberporth Automatic Weather Station|-4.57|52.14|0.0|{"good": []}|1007.95|{"good": []}|||16.29814317|{"good": []}|||||1800.0|{"good": []}|3400.0|{"good": []}||{"good": []}|7.0|{"good": []}|5.0|{"good": []}||{"good": []}|8.0|{"good": []}|||254.2530055|{"good": []}|||54.57005654|{"good": []}|||0.0|{"good": []}|20.8290615|{"good": []}|17.43339114|{"good": []}|45436.0|{"good": []}|0.0|{"good": []}|NSW|{"good": []}|76.9625|{"good": []}|||15.61405616|{"good": []}|19.74757368|{"good": []}|15.92211284|{"good": []}|209.7043206|{"good": []}|11.49528333|{"good": []}
2026-07-01T17:37:00Z|Aberporth Automatic Weather Station|-4.57|52.14|0.0|{"good": []}|1007.91|{"good": []}|||16.22551912|{"good": []}|||||1800.0|{"good": []}|3400.0|{"good": []}||{"good": []}|7.0|{"good": []}|5.0|{"good": []}||{"good": []}|8.0|{"good": []}|||244.7451022|{"good": []}|||53.53626829|{"good": []}|||0.0|{"good": []}|20.78302985|{"good": []}|17.36813643|{"good": []}|44474.5|{"good": []}|0.0|{"good": []}|NSW|{"good": []}|76.555|{"good": []}|||15.6145109|{"good": []}|19.74686824|{"good": []}|15.92281838|{"good": []}|205.2516667|{"good": []}|12.5358875|{"good": []}
2026-07-01T17:38:00Z|Aberporth Automatic Weather Station|-4.57|52.14|0.0|{"good": []}|1007.83|{"good": []}|||16.13919671|{"good": []}|||||1800.0|{"good": []}|3400.0|{"good": []}||{"good": []}|7.0|{"good": []}|5.0|{"good": []}||{"good": []}|8.0|{"good": []}|||235.6142322|{"good": []}|||56.05150554|{"good": []}|||0.0|{"good": []}|20.67147104|{"good": []}|17.30237969|{"good": []}|43508.0|{"good": []}|0.0|{"good": []}|NSW|{"good": []}|75.845|{"good": []}|||15.6145109|{"good": []}|19.74676818|{"good": []}|15.92357146|{"good": []}|201.6235998|{"good": []}|16.57404167|{"good": []}
2026-07-01T17:39:00Z|Aberporth Automatic Weather Station|-4.57|52.14|0.0|{"good": []}|1007.805|{"good": []}|||16.07604384|{"good": []}|||||1800.0|{"good": []}|3400.0|{"good": []}||{"good": []}|7.0|{"good": []}|5.0|{"good": []}||{"good": []}|8.0|{"good": []}|||227.5357207|{"good": []}|||60.86008264|{"good": []}|||0.0|{"good": []}|20.44850333|{"good": []}|17.23405531|{"good": []}|47939.5|{"good": []}|0.0|{"good": []}|NSW|{"good": []}|75.6025|{"good": []}|||15.61420857|{"good": []}|19.74701833|{"good": []}|15.9245322|{"good": []}|198.3172888|{"good": []}|15.00729167|{"good": []}
2026-07-01T17:40:00Z|Aberporth Automatic Weather Station|-4.57|52.14|0.0|{"good": []}|1007.8|{"good": []}|||16.07231632|{"good": []}|||||1800.0|{"good": []}|3400.0|{"good": []}||{"good": []}|7.0|{"good": []}|6.0|{"good": []}||{"good": []}|8.0|{"good": []}|||220.8134746|{"good": []}|||71.37207948|{"good": []}|||0.0|{"good": []}|20.32772771|{"good": []}|17.20600873|{"good": []}|47967.5|{"good": []}|0.0|{"good": []}|NSW|{"good": []}|75.865|{"good": []}|||15.61436098|{"good": []}|19.74626287|{"good": []}|15.92523774|{"good": []}|200.8219064|{"good": []}|14.705375|{"good": []}
2026-07-01T17:41:00Z|Aberporth Automatic Weather Station|-4.57|52.14|0.0|{"good": []}|1007.805|{"good": []}|||16.10081981|{"good": []}|||||1800.0|{"good": []}|3400.0|{"good": []}||{"good": []}|7.0|{"good": []}|6.0|{"good": []}||{"good": []}|8.0|{"good": []}|||215.5664008|{"good": []}|||88.84666627|{"good": []}|||0.0|{"good": []}|20.39567087|{"good": []}|17.26809137|{"good": []}|45682.0|{"good": []}|0.0|{"good": []}|NSW|{"good": []}|76.2225|{"good": []}|||15.61456087|{"good": []}|19.74571003|{"good": []}|15.9260959|{"good": []}|202.3030075|{"good": []}|17.92308333|{"good": []}
2026-07-01T17:42:00Z|Aberporth Automatic Weather Station|-4.57|52.14|0.0|{"good": []}|1007.775|{"good": []}|||16.04033516|{"good": []}|||||1800.0|{"good": []}|3400.0|{"good": []}||{"good": []}|7.0|{"good": []}|6.0|{"good": []}||{"good": []}|8.0|{"good": []}|||211.3459607|{"good": []}|||107.5609512|{"good": []}|||0.0|{"good": []}|20.450667|{"good": []}|17.36732718|{"good": []}|47381.0|{"good": []}|0.0|{"good": []}|NSW|{"good": []}|75.57|{"good": []}|||15.61435849|{"good": []}|19.74515469|{"good": []}|15.92675141|{"good": []}|202.4069538|{"good": []}|18.05791667|{"good": []}
2026-07-01T17:43:00Z|Aberporth Automatic Weather Station|-4.57|52.14|0.0|{"good": []}|1007.715|{"good": []}|||16.09986545|{"good": []}|||||1800.0|{"good": []}|3400.0|{"good": []}||{"good": []}|7.0|{"good": []}|6.0|{"good": []}||{"good": []}|8.0|{"good": []}|||207.9143021|{"good": []}|||121.4452167|{"good": []}|||0.0|{"good": []}|20.48416388|{"good": []}|17.48736377|{"good": []}|48792.5|{"good": []}|0.0|{"good": []}|NSW|{"good": []}|75.86|{"good": []}|||15.61446093|{"good": []}|19.74449928|{"good": []}|15.92760957|{"good": []}|208.4798605|{"good": []}|17.00091667|{"good": []}
2026-07-01T17:44:00Z|Aberporth Automatic Weather Station|-4.57|52.14|0.0|{"good": []}|1007.735|{"good": []}|||16.05574738|{"good": []}|||||1800.0|{"good": []}|3400.0|{"good": []}||{"good": []}|7.0|{"good": []}|6.0|{"good": []}||{"good": []}|8.0|{"good": []}|||204.9082196|{"good": []}|||127.2625386|{"good": []}|||0.0|{"good": []}|20.54510135|{"good": []}|17.6229535|{"good": []}|47325.5|{"good": []}|0.0|{"good": []}|NSW|{"good": []}|75.3|{"good": []}|||15.61405865|{"good": []}|19.74333857|{"good": []}|15.92831511|{"good": []}|219.4046154|{"good": []}|17.03545833|{"good": []}
2026-07-01T17:45:00Z|Aberporth Automatic Weather Station|-4.57|52.14|0.0|{"good": []}|1007.765|{"good": []}|||16.10737044|{"good": []}|||||1800.0|{"good": []}|3400.0|{"good": []}||{"good": []}|7.0|{"good": []}|6.0|{"good": []}||{"good": []}|8.0|{"good": []}|||202.3693604|{"good": []}|||132.3365658|{"good": []}|||0.0|{"good": []}|20.62467985|{"good": []}|17.70844951|{"good": []}|52480.0|{"good": []}|0.0|{"good": []}|NSW|{"good": []}|75.825|{"good": []}|||15.61430852|{"good": []}|19.74324101|{"good": []}|15.92907069|{"good": []}|204.9957078|{"good": []}|13.37095833|{"good": []}
2026-07-01T17:46:00Z|Aberporth Automatic Weather Station|-4.57|52.14|0.0|{"good": []}|1007.805|{"good": []}|||16.17530762|{"good": []}|||||1800.0|{"good": []}|3600.0|{"good": []}||{"good": []}|7.0|{"good": []}|7.0|{"good": []}||{"good": []}|8.0|{"good": []}|||200.0608364|{"good": []}|||125.9373349|{"good": []}|||0.0|{"good": []}|20.70738143|{"good": []}|17.83834949|{"good": []}|50459.0|{"good": []}|0.0|{"good": []}|NSW|{"good": []}|76.225|{"good": []}|||15.61440845|{"good": []}|19.74202776|{"good": []}|15.93023158|{"good": []}|204.1968116|{"good": []}|14.4065|{"good": []}
2026-07-01T17:47:00Z|Aberporth Automatic Weather Station|-4.57|52.14|0.0|{"good": []}|1007.78|{"good": []}|||16.18729212|{"good": []}|||||1800.0|{"good": []}|3600.0|{"good": []}||{"good": []}|7.0|{"good": []}|7.0|{"good": []}||{"good": []}|8.0|{"good": []}|||197.7194838|{"good": []}|||117.8786014|{"good": []}|||0.0|{"good": []}|20.74908325|{"good": []}|17.92726733|{"good": []}|46889.5|{"good": []}|0.0|{"good": []}|NSW|{"good": []}|76.415|{"good": []}|||15.61395621|{"good": []}|19.74182514|{"good": []}|15.93073697|{"good": []}|216.4420227|{"good": []}|16.62245833|{"good": []}
2026-07-01T17:48:00Z|Aberporth Automatic Weather Station|-4.57|52.14|0.0|{"good": []}|1007.805|{"good": []}|||16.18845385|{"good": []}|||||1800.0|{"good": []}|3600.0|{"good": []}||{"good": []}|7.0|{"good": []}|7.0|{"good": []}||{"good": []}|8.0|{"good": []}|||195.4060475|{"good": []}|||128.2630269|{"good": []}|||0.0|{"good": []}|20.72314672|{"good": []}|17.91075509|{"good": []}|46770.0|{"good": []}|0.0|{"good": []}|NSW|{"good": []}|76.225|{"good": []}|||15.61370635|{"good": []}|19.74117224|{"good": []}|15.93189786|{"good": []}|211.4922183|{"good": []}|12.043|{"good": []}
2026-07-01T17:49:00Z|Aberporth Automatic Weather Station|-4.57|52.14|0.0|{"good": []}|1007.795|{"good": []}|||16.32700142|{"good": []}|||||1800.0|{"good": []}|3600.0|{"good": []}||{"good": []}|7.0|{"good": []}|7.0|{"good": []}||{"good": []}|8.0|{"good": []}|||192.9833593|{"good": []}|||135.3981613|{"good": []}|||0.0|{"good": []}|20.87705945|{"good": []}|18.03396126|{"good": []}|44230.0|{"good": []}|0.0|{"good": []}|NSW|{"good": []}|76.96|{"good": []}|||15.61355644|{"good": []}|19.74121977|{"good": []}|15.93275102|{"good": []}|199.3581061|{"good": []}|12.65445833|{"good": []}
2026-07-01T17:50:00Z|Aberporth Automatic Weather Station|-4.57|52.14|0.0|{"good": []}|1007.735|{"good": []}|||16.3247829|{"good": []}|||||1800.0|{"good": []}|3600.0|{"good": []}||{"good": []}|7.0|{"good": []}|7.0|{"good": []}||{"good": []}|8.0|{"good": []}|||190.3127788|{"good": []}|||133.2778786|{"good": []}|||0.0|{"good": []}|21.08844179|{"good": []}|18.17292536|{"good": []}|45322.5|{"good": []}|0.0|{"good": []}|NSW|{"good": []}|76.5625|{"good": []}|||15.61375882|{"good": []}|19.7390009|{"good": []}|15.93335898|{"good": []}|203.3872077|{"good": []}|16.02404167|{"good": []}
2026-07-01T17:51:00Z|Aberporth Automatic Weather Station|-4.57|52.14|0.0|{"good": []}|1007.675|{"good": []}|||16.29502026|{"good": []}|||||1800.0|{"good": []}|3600.0|{"good": []}||{"good": []}|7.0|{"good": []}|7.0|{"good": []}||{"good": []}|8.0|{"good": []}|||187.5843148|{"good": []}|||132.4054745|{"good": []}|||0.0|{"good": []}|21.1098486|{"good": []}|18.21008603|{"good": []}|46923.0|{"good": []}|0.0|{"good": []}|NSW|{"good": []}|76.3725|{"good": []}|||15.61395871|{"good": []}|19.738348|{"good": []}|15.93426718|{"good": []}|201.5220652|{"good": []}|15.97141667|{"good": []}
2026-07-01T17:52:00Z|Aberporth Automatic Weather Station|-4.57|52.14|0.0|{"good": []}|1007.59|{"good": []}|||16.15068155|{"good": []}|||||1800.0|{"good": []}|3600.0|{"good": []}||{"good": []}|7.0|{"good": []}|8.0|{"good": []}||{"good": []}|8.0|{"good": []}|||184.9406394|{"good": []}|||133.344221|{"good": []}|||0.0|{"good": []}|21.04301476|{"good": []}|18.14548321|{"good": []}|46328.5|{"good": []}|0.0|{"good": []}|NSW|{"good": []}|75.6675|{"good": []}|||15.61410863|{"good": []}|19.73723732|{"good": []}|15.9350703|{"good": []}|206.796942|{"good": []}|19.8065|{"good": []}
2026-07-01T17:53:00Z|Aberporth Automatic Weather Station|-4.57|52.14|0.0|{"good": []}|1007.575|{"good": []}|||16.13677832|{"good": []}|||||1800.0|{"good": []}|3600.0|{"good": []}||{"good": []}|6.0|{"good": []}|8.0|{"good": []}||{"good": []}|8.0|{"good": []}|||182.7321669|{"good": []}|||136.0427877|{"good": []}|||0.0|{"good": []}|20.86310804|{"good": []}|18.03486542|{"good": []}|49636.5|{"good": []}|0.0|{"good": []}|NSW|{"good": []}|75.7975|{"good": []}|||15.6145109|{"good": []}|19.73632676|{"good": []}|15.93593096|{"good": []}|196.4049422|{"good": []}|17.73645833|{"good": []}
2026-07-01T17:54:00Z|Aberporth Automatic Weather Station|-4.57|52.14|0.0|{"good": []}|1007.585|{"good": []}|||16.09462894|{"good": []}|||||1800.0|{"good": []}|3600.0|{"good": []}||{"good": []}|6.0|{"good": []}|8.0|{"good": []}||{"good": []}|8.0|{"good": []}|||180.6923416|{"good": []}|||136.0836161|{"good": []}|||0.0|{"good": []}|20.82835693|{"good": []}|17.99690299|{"good": []}|51403.5|{"good": []}|0.0|{"good": []}|NSW|{"good": []}|75.84|{"good": []}|||15.61410863|{"good": []}|19.73451564|{"good": []}|15.93683916|{"good": []}|204.4810299|{"good": []}|17.793875|{"good": []}
2026-07-01T17:55:00Z|Aberporth Automatic Weather Station|-4.57|52.14|0.0|{"good": []}|1007.54|{"good": []}|||16.0831441|{"good": []}|||||1800.0|{"good": []}|3600.0|{"good": []}||{"good": []}|6.0|{"good": []}|8.0|{"good": []}||{"good": []}|8.0|{"good": []}|||178.6083274|{"good": []}|||134.3163128|{"good": []}|||0.0|{"good": []}|20.72213734|{"good": []}|17.93739048|{"good": []}|50235.0|{"good": []}|0.0|{"good": []}|NSW|{"good": []}|75.88|{"good": []}|||15.61360391|{"good": []}|19.73325237|{"good": []}|15.93759474|{"good": []}|204.1062769|{"good": []}|18.494375|{"good": []}
2026-07-01T17:56:00Z|Aberporth Automatic Weather Station|-4.57|52.14|0.0|{"good": []}|1007.56|{"good": []}|||16.05730634|{"good": []}|||||1800.0|{"good": []}|3600.0|{"good": []}||{"good": []}|6.0|{"good": []}|8.0|{"good": []}||{"good": []}|8.0|{"good": []}|||176.2897041|{"good": []}|||131.0336516|{"good": []}|||0.0|{"good": []}|20.5802597|{"good": []}|17.90068439|{"good": []}|49217.5|{"good": []}|0.0|{"good": []}|NSW|{"good": []}|75.87|{"good": []}|||15.61370635|{"good": []}|19.73204413|{"good": []}|15.93850544|{"good": []}|203.2094624|{"good": []}|16.50308333|{"good": []}
2026-07-01T17:57:00Z|Aberporth Automatic Weather Station|-4.57|52.14|0.0|{"good": []}|1007.565|{"good": []}|||16.02764363|{"good": []}|||||1800.0|{"good": []}|3600.0|{"good": []}||{"good": []}|6.0|{"good": []}|8.0|{"good": []}||{"good": []}|8.0|{"good": []}|||173.8206004|{"good": []}|||134.8967042|{"good": []}|||0.0|{"good": []}|20.45479946|{"good": []}|17.88860306|{"good": []}|50303.0|{"good": []}|0.0|{"good": []}|NSW|{"good": []}|76.1125|{"good": []}|||15.61390624|{"good": []}|19.73123863|{"good": []}|15.93941364|{"good": []}|198.4165689|{"good": []}|16.00191667|{"good": []}
2026-07-01T17:58:00Z|Aberporth Automatic Weather Station|-4.57|52.14|0.0|{"good": []}|1007.575|{"good": []}|||16.13088725|{"good": []}|||||1800.0|{"good": []}|3600.0|{"good": []}||{"good": []}|6.0|{"good": []}|8.0|{"good": []}||{"good": []}|8.0|{"good": []}|||171.4929517|{"good": []}|||138.4045255|{"good": []}|||0.0|{"good": []}|20.53628928|{"good": []}|17.96336898|{"good": []}|53067.5|{"good": []}|0.0|{"good": []}|NSW|{"good": []}|76.67|{"good": []}|||15.61355394|{"good": []}|19.72901726|{"good": []}|15.94072215|{"good": []}|202.9436646|{"good": []}|13.81975|{"good": []}
2026-07-01T17:59:00Z|Aberporth Automatic Weather Station|-4.57|52.14|0.0|{"good": []}|1007.62|{"good": []}|||16.09880615|{"good": []}|||||1800.0|{"good": []}|3600.0|{"good": []}||{"good": []}|6.0|{"good": []}|8.0|{"good": []}||{"good": []}|8.0|{"good": []}|||169.2423823|{"good": []}|||137.468618|{"good": []}|||0.0|{"good": []}|20.59446346|{"good": []}|18.00123149|{"good": []}|49737.0|{"good": []}|0.0|{"good": []}|NSW|{"good": []}|76.6425|{"good": []}|||15.61355643|{"good": []}|19.72700102|{"good": []}|15.94147773|{"good": []}|209.9279323|{"good": []}|16.37595833|{"good": []}